,CHROM,POS,REF,ALT,HM160303_01_CML10.DP,HM160303_01_CML258.DP,HM160303_01_CML277.DP,HM160303_01_CML341.DP,HM160303_01_CML373.DP,HM160303_01_H2O.DP,HM160303_01_Tzi8.DP,HM160303_01_CML10.GT,HM160303_01_CML258.GT,HM160303_01_CML277.GT,HM160303_01_CML341.GT,HM160303_01_CML373.GT,HM160303_01_H2O.GT,HM160303_01_Tzi8.GT
1,chromosome:AGPv2:1:1:301354135:1,100224193,G,A,0,1,1,0,0,0,0,0,0,0,0,0,0,0
2,chromosome:AGPv2:1:1:301354135:1,100224206,C,T,0,1,1,0,0,0,0,0,0,0,0,0,0,0
3,chromosome:AGPv2:1:1:301354135:1,100224219,T,C,0,1,1,0,0,0,0,0,0,0,0,0,0,0
4,chromosome:AGPv2:1:1:301354135:1,100224262,T,A,0,1,1,0,0,0,0,0,0,0,0,0,0,0
5,chromosome:AGPv2:1:1:301354135:1,100224263,A,C,0,1,1,0,0,0,0,0,0,0,0,0,0,0
6,chromosome:AGPv2:1:1:301354135:1,100224264,A,C,0,1,1,0,0,0,0,0,0,0,0,0,0,0
7,chromosome:AGPv2:1:1:301354135:1,10033822,C,T,7,7,5,12,15,0,56,1,0,0,1,1,0,1
8,chromosome:AGPv2:1:1:301354135:1,10033841,A,T,7,7,5,12,15,0,55,1,0,0,1,1,0,4
9,chromosome:AGPv2:1:1:301354135:1,10033842,A,T,7,7,5,12,15,0,55,1,0,0,1,1,0,4
10,chromosome:AGPv2:1:1:301354135:1,10033861,G,A,7,7,5,11,15,0,55,1,0,0,1,1,0,4