,CHROM,POS,REF,ALT,HM160216_01_CML10.DP,HM160216_01_CML258.DP,HM160216_01_CML10.GT,HM160216_01_CML258.GT
1,chromosome:AGPv2:1:1:301354135:1,100224193,G,A,.,0,0,0
2,chromosome:AGPv2:1:1:301354135:1,100224206,C,T,0,0,0,0
3,chromosome:AGPv2:1:1:301354135:1,100224219,T,C,0,0,0,0
4,chromosome:AGPv2:1:1:301354135:1,100224262,T,A,0,0,0,0
5,chromosome:AGPv2:1:1:301354135:1,100224263,A,C,0,0,0,0
6,chromosome:AGPv2:1:1:301354135:1,100224264,A,C,0,0,0,0
7,chromosome:AGPv2:1:1:301354135:1,10033822,C,T,11,17,1,4
8,chromosome:AGPv2:1:1:301354135:1,10033841,A,T,12,17,1,4
9,chromosome:AGPv2:1:1:301354135:1,10033842,A,T,12,0,1,4
10,chromosome:AGPv2:1:1:301354135:1,10033861,G,A,12,3,1,4